Week,Day,Date,Year,ignore,Winner,WinnerAwayTeam,Loser,PtsW,PtsL,YdsW,TOW,YdsL,TOL
1,Thu,September 5,2013,boxscore,Denver Broncos,,Baltimore Ravens,49,27,510,2,393,2
1,Sun,September 8,2013,boxscore,St. Louis Rams,,Arizona Cardinals,27,24,366,2,390,2
1,Sun,September 8,2013,boxscore,New Orleans Saints,,Atlanta Falcons,23,17,419,1,367,2
1,Sun,September 8,2013,boxscore,Chicago Bears,,Cincinnati Bengals,24,21,323,1,340,3
1,Sun,September 8,2013,boxscore,Miami Dolphins,@,Cleveland Browns,23,10,275,1,291,3
1,Sun,September 8,2013,boxscore,Kansas City Chiefs,@,Jacksonville Jaguars,28,2,292,0,178,2
1,Sun,September 8,2013,boxscore,New England Patriots,@,Buffalo Bills,23,21,431,3,286,2
1,Sun,September 8,2013,boxscore,Tennessee Titans,@,Pittsburgh Steelers,16,9,229,0,194,2
1,Sun,September 8,2013,boxscore,Indianapolis Colts,,Oakland Raiders,21,17,274,0,372,2
1,Sun,September 8,2013,boxscore,New York Jets,,Tampa Bay Buccaneers,18,17,304,2,250,2
1,Sun,September 8,2013,boxscore,Seattle Seahawks,@,Carolina Panthers,12,7,370,1,253,2
1,Sun,September 8,2013,boxscore,Dallas Cowboys,,New York Giants,36,31,331,1,478,6
1,Sun,September 8,2013,boxscore,San Francisco 49ers,,Green Bay Packers,34,28,494,0,385,2
1,Sun,September 8,2013,boxscore,Detroit Lions,,Minnesota Vikings,34,24,469,2,330,4
1,Mon,September 9,2013,boxscore,Philadelphia Eagles,@,Washington Redskins,33,27,443,2,382,3
1,Mon,September 9,2013,boxscore,Houston Texans,@,San Diego Chargers,31,28,449,1,263,1
2,Thu,September 12,2013,boxscore,New England Patriots,,New York Jets,13,10,232,0,318,4
2,Sun,September 15,2013,boxscore,San Diego Chargers,@,Philadelphia Eagles,33,30,539,2,522,0
2,Sun,September 15,2013,boxscore,Arizona Cardinals,,Detroit Lions,25,21,348,1,322,1
2,Sun,September 15,2013,boxscore,Houston Texans,,Tennessee Titans,30,24,452,2,248,0
2,Sun,September 15,2013,boxscore,Chicago Bears,,Minnesota Vikings,31,30,411,4,350,3
2,Sun,September 15,2013,boxscore,Kansas City Chiefs,,Dallas Cowboys,17,16,313,0,318,2
2,Sun,September 15,2013,boxscore,Seattle Seahawks,,San Francisco 49ers,29,3,290,1,207,5
2,Sun,September 15,2013,boxscore,Atlanta Falcons,,St. Louis Rams,31,24,393,0,421,1
2,Sun,September 15,2013,boxscore,Denver Broncos,@,New York Giants,41,23,414,1,376,4
2,Sun,September 15,2013,boxscore,Miami Dolphins,@,Indianapolis Colts,24,20,398,1,448,1
2,Sun,September 15,2013,boxscore,Baltimore Ravens,,Cleveland Browns,14,6,296,1,259,0
2,Sun,September 15,2013,boxscore,Green Bay Packers,,Washington Redskins,38,20,580,1,422,1
2,Sun,September 15,2013,boxscore,New Orleans Saints,@,Tampa Bay Buccaneers,16,14,371,2,273,2
2,Sun,September 15,2013,boxscore,Oakland Raiders,,Jacksonville Jaguars,19,9,340,1,248,0
2,Sun,September 15,2013,boxscore,Buffalo Bills,,Carolina Panthers,24,23,436,2,308,1
2,Mon,September 16,2013,boxscore,Cincinnati Bengals,,Pittsburgh Steelers,20,10,407,0,278,2
3,Thu,September 19,2013,boxscore,Kansas City Chiefs,@,Philadelphia Eagles,26,16,394,0,431,5
3,Sun,September 22,2013,boxscore,Indianapolis Colts,@,San Francisco 49ers,27,7,336,0,254,2
3,Sun,September 22,2013,boxscore,Cincinnati Bengals,,Green Bay Packers,34,30,297,4,399,4
3,Sun,September 22,2013,boxscore,New England Patriots,,Tampa Bay Buccaneers,23,3,358,1,323,1
3,Sun,September 22,2013,boxscore,Seattle Seahawks,,Jacksonville Jaguars,45,17,479,2,265,3
3,Sun,September 22,2013,boxscore,Baltimore Ravens,,Houston Texans,30,9,236,0,264,1
3,Sun,September 22,2013,boxscore,Chicago Bears,@,Pittsburgh Steelers,40,23,258,0,459,5
3,Sun,September 22,2013,boxscore,Miami Dolphins,,Atlanta Falcons,27,23,285,2,377,2
3,Sun,September 22,2013,boxscore,Cleveland Browns,@,Minnesota Vikings,31,27,409,4,329,3
3,Sun,September 22,2013,boxscore,Dallas Cowboys,,St. Louis Rams,31,7,396,1,232,1
3,Sun,September 22,2013,boxscore,Detroit Lions,@,Washington Redskins,27,20,441,1,420,2
3,Sun,September 22,2013,boxscore,Carolina Panthers,,New York Giants,38,0,402,2,150,3
3,Sun,September 22,2013,boxscore,New York Jets,,Buffalo Bills,27,20,513,2,328,0
3,Sun,September 22,2013,boxscore,Tennessee Titans,,San Diego Chargers,20,17,452,0,277,1
3,Sun,September 22,2013,boxscore,New Orleans Saints,,Arizona Cardinals,31,7,423,1,247,2
3,Mon,September 23,2013,boxscore,Denver Broncos,,Oakland Raiders,37,21,536,2,342,0
4,Thu,September 26,2013,boxscore,San Francisco 49ers,@,St. Louis Rams,35,11,370,2,188,2
4,Sun,September 29,2013,boxscore,Minnesota Vikings,,Pittsburgh Steelers,34,27,393,0,434,2
4,Sun,September 29,2013,boxscore,Kansas City Chiefs,,New York Giants,31,7,390,3,298,3
4,Sun,September 29,2013,boxscore,Denver Broncos,,Philadelphia Eagles,52,20,472,0,450,0
4,Sun,September 29,2013,boxscore,Detroit Lions,,Chicago Bears,40,32,387,3,417,4
4,Sun,September 29,2013,boxscore,Seattle Seahawks,@,Houston Texans,23,20,270,2,476,3
4,Sun,September 29,2013,boxscore,New England Patriots,@,Atlanta Falcons,30,23,448,0,457,1
4,Sun,September 29,2013,boxscore,Buffalo Bills,,Baltimore Ravens,23,20,350,3,345,5
4,Sun,September 29,2013,boxscore,Indianapolis Colts,@,Jacksonville Jaguars,37,3,437,1,205,3
4,Sun,September 29,2013,boxscore,Washington Redskins,@,Oakland Raiders,24,14,339,1,298,2
4,Sun,September 29,2013,boxscore,Arizona Cardinals,@,Tampa Bay Buccaneers,13,10,296,3,253,3
4,Sun,September 29,2013,boxscore,Tennessee Titans,,New York Jets,38,13,322,0,330,4
4,Sun,September 29,2013,boxscore,San Diego Chargers,,Dallas Cowboys,30,21,506,1,317,1
4,Sun,September 29,2013,boxscore,Cleveland Browns,,Cincinnati Bengals,17,6,336,0,266,2
4,Mon,September 30,2013,boxscore,New Orleans Saints,,Miami Dolphins,38,17,465,1,331,4
5,Thu,October 3,2013,boxscore,Cleveland Browns,,Buffalo Bills,37,24,290,0,343,1
5,Sun,October 6,2013,boxscore,Arizona Cardinals,,Carolina Panthers,22,6,250,3,353,4
5,Sun,October 6,2013,boxscore,San Francisco 49ers,,Houston Texans,34,3,284,0,313,4
5,Sun,October 6,2013,boxscore,Baltimore Ravens,@,Miami Dolphins,26,23,384,2,294,0
5,Sun,October 6,2013,boxscore,Indianapolis Colts,,Seattle Seahawks,34,28,317,2,423,2
5,Sun,October 6,2013,boxscore,Philadelphia Eagles,@,New York Giants,36,21,439,0,383,4
5,Sun,October 6,2013,boxscore,Denver Broncos,@,Dallas Cowboys,51,48,517,2,522,2
5,Sun,October 6,2013,boxscore,Oakland Raiders,,San Diego Chargers,27,17,299,0,423,5
5,Sun,October 6,2013,boxscore,Cincinnati Bengals,,New England Patriots,13,6,341,2,248,2
5,Sun,October 6,2013,boxscore,New Orleans Saints,@,Chicago Bears,26,18,347,0,434,1
5,Sun,October 6,2013,boxscore,St. Louis Rams,,Jacksonville Jaguars,34,20,351,0,363,3
5,Sun,October 6,2013,boxscore,Green Bay Packers,,Detroit Lions,22,9,449,0,286,0
5,Sun,October 6,2013,boxscore,Kansas City Chiefs,@,Tennessee Titans,26,17,353,2,339,3
5,Mon,October 7,2013,boxscore,New York Jets,@,Atlanta Falcons,30,28,288,0,363,1
6,Thu,October 10,2013,boxscore,Chicago Bears,,New York Giants,27,21,372,0,355,3
6,Sun,October 13,2013,boxscore,Green Bay Packers,@,Baltimore Ravens,19,17,438,2,360,1
6,Sun,October 13,2013,boxscore,Carolina Panthers,@,Minnesota Vikings,35,10,367,0,290,2
6,Sun,October 13,2013,boxscore,St. Louis Rams,@,Houston Texans,38,13,216,0,420,4
6,Sun,October 13,2013,boxscore,San Francisco 49ers,,Arizona Cardinals,32,20,387,2,403,4
6,Sun,October 13,2013,boxscore,Seattle Seahawks,,Tennessee Titans,20,13,404,2,223,2
6,Sun,October 13,2013,boxscore,Philadelphia Eagles,@,Tampa Bay Buccaneers,31,20,425,1,351,1
6,Sun,October 13,2013,boxscore,Denver Broncos,,Jacksonville Jaguars,35,19,407,3,362,2
6,Sun,October 13,2013,boxscore,Detroit Lions,@,Cleveland Browns,31,17,366,1,395,2
6,Sun,October 13,2013,boxscore,Kansas City Chiefs,,Oakland Raiders,24,7,216,1,274,3
6,Sun,October 13,2013,boxscore,Dallas Cowboys,,Washington Redskins,31,16,213,1,433,2
6,Sun,October 13,2013,boxscore,Cincinnati Bengals,@,Buffalo Bills,27,24,483,1,322,1
6,Sun,October 13,2013,boxscore,New England Patriots,,New Orleans Saints,30,27,376,1,361,2
6,Sun,October 13,2013,boxscore,Pittsburgh Steelers,@,New York Jets,19,6,328,0,267,2
6,Mon,October 14,2013,boxscore,San Diego Chargers,,Indianapolis Colts,19,9,374,0,267,1
7,Thu,October 17,2013,boxscore,Seattle Seahawks,@,Arizona Cardinals,34,22,344,2,234,2
7,Sun,October 20,2013,boxscore,Atlanta Falcons,,Tampa Bay Buccaneers,31,23,291,1,337,1
7,Sun,October 20,2013,boxscore,Carolina Panthers,,St. Louis Rams,30,15,282,0,317,3
7,Sun,October 20,2013,boxscore,Pittsburgh Steelers,,Baltimore Ravens,19,16,286,1,287,0
7,Sun,October 20,2013,boxscore,Dallas Cowboys,@,Philadelphia Eagles,17,3,368,2,278,3
7,Sun,October 20,2013,boxscore,Green Bay Packers,,Cleveland Browns,31,13,357,0,216,1
7,Sun,October 20,2013,boxscore,Cincinnati Bengals,@,Detroit Lions,27,24,421,0,434,0
7,Sun,October 20,2013,boxscore,San Diego Chargers,@,Jacksonville Jaguars,24,6,434,0,353,1
7,Sun,October 20,2013,boxscore,Kansas City Chiefs,,Houston Texans,17,16,357,2,294,1
7,Sun,October 20,2013,boxscore,Indianapolis Colts,,Denver Broncos,39,33,334,1,429,3
7,Sun,October 20,2013,boxscore,New York Jets,,New England Patriots,30,27,383,1,295,1
7,Sun,October 20,2013,boxscore,Washington Redskins,,Chicago Bears,45,41,499,1,359,1
7,Sun,October 20,2013,boxscore,Buffalo Bills,@,Miami Dolphins,23,21,268,1,293,3
7,Sun,October 20,2013,boxscore,San Francisco 49ers,@,Tennessee Titans,31,17,349,0,368,2
7,Mon,October 21,2013,boxscore,New York Giants,,Minnesota Vikings,23,7,257,1,206,3
8,Thu,October 24,2013,boxscore,Carolina Panthers,@,Tampa Bay Buccaneers,31,13,324,0,297,1
8,Sun,October 27,2013,boxscore,Oakland Raiders,,Pittsburgh Steelers,21,18,279,3,276,2
8,Sun,October 27,2013,boxscore,Arizona Cardinals,,Atlanta Falcons,27,13,348,1,292,4
8,Sun,October 27,2013,boxscore,Green Bay Packers,@,Minnesota Vikings,44,31,464,0,243,0
8,Sun,October 27,2013,boxscore,New England Patriots,,Miami Dolphins,27,17,252,1,301,3
8,Sun,October 27,2013,boxscore,Denver Broncos,,Washington Redskins,45,21,446,4,266,5
8,Sun,October 27,2013,boxscore,San Francisco 49ers,@,Jacksonville Jaguars,42,10,398,1,318,1
8,Sun,October 27,2013,boxscore,New York Giants,@,Philadelphia Eagles,15,7,325,1,200,3
8,Sun,October 27,2013,boxscore,Cincinnati Bengals,,New York Jets,49,9,402,1,240,2
8,Sun,October 27,2013,boxscore,Kansas City Chiefs,,Cleveland Browns,23,17,331,0,340,1
8,Sun,October 27,2013,boxscore,New Orleans Saints,,Buffalo Bills,35,17,386,0,299,3
8,Sun,October 27,2013,boxscore,Detroit Lions,,Dallas Cowboys,31,30,623,4,268,0
8,Mon,October 28,2013,boxscore,Seattle Seahawks,@,St. Louis Rams,14,9,135,0,339,2
9,Thu,October 31,2013,boxscore,Miami Dolphins,,Cincinnati Bengals,22,20,345,1,465,4
9,Sun,November 3,2013,boxscore,New York Jets,,New Orleans Saints,26,20,338,0,407,2
9,Sun,November 3,2013,boxscore,Indianapolis Colts,@,Houston Texans,27,24,314,0,483,0
9,Sun,November 3,2013,boxscore,Carolina Panthers,,Atlanta Falcons,34,10,373,2,289,4
9,Sun,November 3,2013,boxscore,Washington Redskins,,San Diego Chargers,30,24,500,1,410,2
9,Sun,November 3,2013,boxscore,Tennessee Titans,@,St. Louis Rams,28,21,363,2,363,2
9,Sun,November 3,2013,boxscore,Kansas City Chiefs,@,Buffalo Bills,23,13,210,0,470,3
9,Sun,November 3,2013,boxscore,Dallas Cowboys,,Minnesota Vikings,27,23,350,1,393,2
9,Sun,November 3,2013,boxscore,Philadelphia Eagles,@,Oakland Raiders,49,20,542,0,560,2
9,Sun,November 3,2013,boxscore,New England Patriots,,Pittsburgh Steelers,55,31,610,1,479,3
9,Sun,November 3,2013,boxscore,Cleveland Browns,,Baltimore Ravens,24,18,315,1,278,2
9,Sun,November 3,2013,boxscore,Seattle Seahawks,,Tampa Bay Buccaneers,27,24,415,3,350,0
9,Mon,November 4,2013,boxscore,Chicago Bears,@,Green Bay Packers,27,20,442,0,312,1

